Threshold,FPR,TPR,Specificity,Youden_Index
inf,0.0,0.0,1.0,0.0
0.8845574494787712,0.0,0.002688172043010753,1.0,0.002688172043010753
0.8369052499481096,0.0,0.024193548387096774,1.0,0.024193548387096774
0.8307214359572097,0.0009689922480620155,0.024193548387096774,0.999031007751938,0.023224556139034756
0.8170157418680567,0.0009689922480620155,0.0456989247311828,0.999031007751938,0.04472993248312078
0.8153717371714146,0.001937984496124031,0.0456989247311828,0.998062015503876,0.04376094023505876
0.8143219625818906,0.001937984496124031,0.04838709677419355,0.998062015503876,0.04644911227806951
0.8103592297344918,0.0029069767441860465,0.04838709677419355,0.997093023255814,0.0454801200300075
0.8023036972423185,0.0029069767441860465,0.051075268817204304,0.997093023255814,0.04816829207301826
0.8022571248190189,0.003875968992248062,0.051075268817204304,0.9961240310077519,0.04719929982495624
0.7998479720262679,0.003875968992248062,0.056451612903225805,0.9961240310077519,0.05257564391097774
0.7977037703834537,0.0048449612403100775,0.056451612903225805,0.9951550387596899,0.051606651662915726
0.7945423036906278,0.0048449612403100775,0.06451612903225806,0.9951550387596899,0.059671167791947984
0.7889792775000304,0.005813953488372093,0.06451612903225806,0.9941860465116279,0.05870217554388597
0.7883322192011797,0.005813953488372093,0.06720430107526881,0.9941860465116279,0.061390347586896724
0.7882507640188056,0.006782945736434108,0.06720430107526881,0.9932170542635659,0.060421355338834706
0.786966444059279,0.006782945736434108,0.06989247311827956,0.9932170542635659,0.06310952738184546
0.7868842779095282,0.007751937984496124,0.06989247311827956,0.9922480620155039,0.06214053513378344
0.7849018185734947,0.007751937984496124,0.07795698924731183,0.9922480620155039,0.0702050512628157
0.7843104802365828,0.00872093023255814,0.07795698924731183,0.9912790697674418,0.06923605901475369
0.780099988359608,0.00872093023255814,0.08333333333333333,0.9912790697674418,0.07461240310077519
0.779411348759543,0.009689922480620155,0.08333333333333333,0.9903100775193798,0.07364341085271317
0.7778757916354281,0.009689922480620155,0.08602150537634409,0.9903100775193798,0.07633158289572393
0.7716538317194894,0.011627906976744186,0.08602150537634409,0.9883720930232558,0.07439359839959991
0.7624929181820482,0.011627906976744186,0.10215053763440861,0.9883720930232558,0.09052263065766442
0.7615777832564276,0.012596899224806201,0.10215053763440861,0.9874031007751938,0.08955363840960241
0.7584318610533901,0.012596899224806201,0.10752688172043011,0.9874031007751938,0.09492998249562391
0.7582397879294487,0.013565891472868217,0.10752688172043011,0.9864341085271318,0.0939609902475619
0.7492170962468552,0.013565891472868217,0.12365591397849462,0.9864341085271318,0.11009002250562641
0.7470564033576867,0.015503875968992248,0.12365591397849462,0.9844961240310077,0.10815203800950238
0.7446972623855577,0.015503875968992248,0.13440860215053763,0.9844961240310077,0.11890472618154538
0.7414188416420928,0.018410852713178296,0.13440860215053763,0.9815891472868217,0.11599774943735933
0.7373216894680064,0.018410852713178296,0.13978494623655913,0.9815891472868217,0.12137409352338083
0.7355785887290084,0.01937984496124031,0.13978494623655913,0.9806201550387597,0.12040510127531881
0.7352137284473724,0.01937984496124031,0.14516129032258066,0.9806201550387597,0.12578144536134034
0.7334246428019723,0.02131782945736434,0.14516129032258066,0.9786821705426356,0.12384346086521632
0.7328750880999199,0.02131782945736434,0.1478494623655914,0.9786821705426356,0.12653163290822705
0.730038021133828,0.02422480620155039,0.1478494623655914,0.9757751937984496,0.12362465616404102
0.7275257903953649,0.02422480620155039,0.15053763440860216,0.9757751937984496,0.12631282820705175
0.7264676822233312,0.025193798449612403,0.15053763440860216,0.9748062015503876,0.12534383595898976
0.723017634624038,0.025193798449612403,0.1586021505376344,0.9748062015503876,0.13340835208802201
0.7218269841535504,0.02616279069767442,0.1586021505376344,0.9738372093023255,0.13243935983996
0.7216504758622531,0.02616279069767442,0.16129032258064516,0.9738372093023255,0.13512753188297075
0.7213036417899795,0.027131782945736434,0.16129032258064516,0.9728682170542635,0.13415853963490873
0.7143141848254094,0.027131782945736434,0.17473118279569894,0.9728682170542635,0.1475993998499625
0.7120074743747556,0.02810077519379845,0.17473118279569894,0.9718992248062015,0.1466304076019005
0.6984756862427082,0.02810077519379845,0.1989247311827957,0.9718992248062015,0.17082395598899724
0.6962128171372997,0.029069767441860465,0.1989247311827957,0.9709302325581395,0.16985496374093523
0.6961802714597166,0.029069767441860465,0.20161290322580644,0.9709302325581395,0.17254313578394598
0.694494745245307,0.030038759689922482,0.20161290322580644,0.9699612403100775,0.17157414353588396
0.6905076844132337,0.030038759689922482,0.20698924731182797,0.9699612403100775,0.1769504876219055
0.6902719327808459,0.031007751937984496,0.20698924731182797,0.9689922480620154,0.17598149537384347
0.6888748737322767,0.031007751937984496,0.21505376344086022,0.9689922480620154,0.18404601150287572
0.687499781459431,0.03197674418604651,0.21505376344086022,0.9680232558139534,0.1830770192548137
0.6842302386797804,0.03197674418604651,0.23118279569892472,0.9680232558139534,0.1992060515128782
0.683517843455395,0.03294573643410853,0.23118279569892472,0.9670542635658914,0.1982370592648162
0.6827599142395236,0.03294573643410853,0.23387096774193547,0.9670542635658914,0.20092523130782694
0.6818196444749551,0.03391472868217054,0.23387096774193547,0.9660852713178295,0.19995623905976492
0.6816180390587893,0.03391472868217054,0.23655913978494625,0.9660852713178295,0.2026444111027757
0.6756920630302515,0.03682170542635659,0.23655913978494625,0.9631782945736435,0.19973743435858965
0.6740101239436047,0.03682170542635659,0.239247311827957,0.9631782945736435,0.2024256064016004
0.6732564936982662,0.0377906976744186,0.239247311827957,0.9622093023255814,0.20145661415353838
0.6711188833720693,0.0377906976744186,0.24731182795698925,0.9622093023255814,0.20952113028257063
0.6689783531070049,0.03972868217054264,0.24731182795698925,0.9602713178294574,0.2075831457864466
0.6682428400297823,0.03972868217054264,0.25,0.9602713178294574,0.21027131782945735
0.6625786912448506,0.0436046511627907,0.25,0.9563953488372093,0.2063953488372093
0.6612756666374386,0.0436046511627907,0.25806451612903225,0.9563953488372093,0.21445986496624156
0.6596588593515141,0.044573643410852716,0.25806451612903225,0.9554263565891473,0.21349087271817954
0.6577465243811186,0.044573643410852716,0.2661290322580645,0.9554263565891473,0.2215553888472118
0.655465036002861,0.045542635658914726,0.2661290322580645,0.9544573643410853,0.22058639659914978
0.6540216456119798,0.045542635658914726,0.271505376344086,0.9544573643410853,0.22596274068517128
0.6495844461639134,0.046511627906976744,0.271505376344086,0.9534883720930233,0.22499374843710926
0.6489319195875564,0.046511627906976744,0.27419354838709675,0.9534883720930233,0.22768192048012
0.6480405577872252,0.04748062015503876,0.27419354838709675,0.9525193798449613,0.226712928232058
0.645707617162316,0.04748062015503876,0.27956989247311825,0.9525193798449613,0.2320892723180795
0.6352536782942674,0.050387596899224806,0.27956989247311825,0.9496124031007752,0.22918229557389344
0.6339512155206712,0.050387596899224806,0.2849462365591398,0.9496124031007752,0.234558639659915
0.6327834208627308,0.05135658914728682,0.2849462365591398,0.9486434108527132,0.23358964741185298
0.6294085272760976,0.05135658914728682,0.2956989247311828,0.9486434108527132,0.24434233558389598
0.6287559381248514,0.05232558139534884,0.2956989247311828,0.9476744186046512,0.24337334333583396
0.6208053566292719,0.05232558139534884,0.3333333333333333,0.9476744186046512,0.2810077519379845
0.6177188459447457,0.05426356589147287,0.3333333333333333,0.9457364341085271,0.27906976744186046
0.6154416715410168,0.05426356589147287,0.34139784946236557,0.9457364341085271,0.2871342835708927
0.615311123770918,0.055232558139534885,0.34139784946236557,0.9447674418604651,0.2861652913228307
0.6148580104427612,0.055232558139534885,0.34408602150537637,0.9447674418604651,0.2888534633658415
0.614694233038302,0.0562015503875969,0.34408602150537637,0.9437984496124031,0.2878844711177795
0.6120963164054343,0.0562015503875969,0.3521505376344086,0.9437984496124031,0.29594898724681173
0.6118415318473794,0.05717054263565891,0.3521505376344086,0.9428294573643411,0.2949799949987497
0.6115759156310607,0.05717054263565891,0.3548387096774194,0.9428294573643411,0.29766816704176047
0.6109038827229591,0.05813953488372093,0.3548387096774194,0.9418604651162791,0.29669917479369845
0.610700852035593,0.05813953488372093,0.3602150537634409,0.9418604651162791,0.30207551887971995
0.610203443400524,0.05910852713178295,0.3602150537634409,0.9408914728682171,0.30110652663165793
0.6079176985382704,0.05910852713178295,0.3655913978494624,0.9408914728682171,0.30648287071767943
0.6043631401539958,0.06201550387596899,0.3655913978494624,0.937984496124031,0.3035758939734934
0.6000035548863407,0.06201550387596899,0.3763440860215054,0.937984496124031,0.3143285821455364
0.5986275288421294,0.06395348837209303,0.3763440860215054,0.936046511627907,0.31239059764941235
0.598352519725234,0.06395348837209303,0.3817204301075269,0.936046511627907,0.31776694173543385
0.5972391250533274,0.06492248062015504,0.3817204301075269,0.935077519379845,0.31679794948737183
0.5925136857505062,0.06492248062015504,0.3924731182795699,0.935077519379845,0.32755063765941483
0.5874856682167757,0.06686046511627906,0.3924731182795699,0.9331395348837209,0.3256126531632908
0.5767458052199071,0.06686046511627906,0.4220430107526882,0.9331395348837209,0.3551825456364091
0.5746874525473048,0.06782945736434108,0.4220430107526882,0.9321705426356589,0.3542135533883471
0.5741009745089449,0.06782945736434108,0.43010752688172044,0.9321705426356589,0.36227806951737934
0.5731775158974444,0.0687984496124031,0.43010752688172044,0.9312015503875969,0.3613090772693173
0.5690674783231882,0.0687984496124031,0.44086021505376344,0.9312015503875969,0.3720617654413603
0.5682610839140387,0.06976744186046512,0.44086021505376344,0.9302325581395349,0.3710927731932983
0.5664070023096787,0.06976744186046512,0.4435483870967742,0.9302325581395349,0.37378094523630906
0.5646903116773206,0.07364341085271318,0.4435483870967742,0.9263565891472868,0.369904976244061
0.5644583533097265,0.07364341085271318,0.44623655913978494,0.9263565891472868,0.37259314828707174
0.5640249946840743,0.07461240310077519,0.44623655913978494,0.9253875968992248,0.3716241560390098
0.559379816986645,0.07461240310077519,0.4596774193548387,0.9253875968992248,0.38506501625406353
0.5593570380049487,0.0755813953488372,0.4596774193548387,0.9244186046511628,0.3840960240060015
0.5572831173307449,0.0755813953488372,0.4650537634408602,0.9244186046511628,0.389472368092023
0.5562192520676632,0.07655038759689922,0.4650537634408602,0.9234496124031008,0.388503375843961
0.5431841283594953,0.07655038759689922,0.48118279569892475,0.9234496124031008,0.4046324081020255
0.5396220503621416,0.08042635658914729,0.48118279569892475,0.9195736434108527,0.40075643910977743
0.5358794555808503,0.08042635658914729,0.4838709677419355,0.9195736434108527,0.4034446111527882
0.5347776490627628,0.08139534883720931,0.4838709677419355,0.9186046511627907,0.40247561890472616
0.5342119560527625,0.08139534883720931,0.48655913978494625,0.9186046511627907,0.4051637909477369
0.526311779936449,0.08527131782945736,0.48655913978494625,0.9147286821705426,0.4012878219554889
0.5258058677937513,0.08527131782945736,0.489247311827957,0.9147286821705426,0.40397599399849965
0.5218094146772116,0.08817829457364341,0.489247311827957,0.9118217054263565,0.4010690172543136
0.5198873697413655,0.08817829457364341,0.49731182795698925,0.9118217054263565,0.40913353338334585
0.5172731496066502,0.09011627906976744,0.49731182795698925,0.9098837209302326,0.4071955488872218
0.5167659294994082,0.09011627906976744,0.5,0.9098837209302326,0.40988372093023256
0.5157209067872857,0.09108527131782945,0.5,0.9089147286821706,0.40891472868217055
0.513945497352958,0.09108527131782945,0.5026881720430108,0.9089147286821706,0.4116029007251813
0.5117827115490965,0.09302325581395349,0.5026881720430108,0.9069767441860466,0.40966491622905726
0.5108749521197189,0.09302325581395349,0.5053763440860215,0.9069767441860466,0.412353088272068
0.506498673163616,0.09496124031007752,0.5053763440860215,0.9050387596899225,0.410415103775944
0.5064170273549414,0.09496124031007752,0.5080645161290323,0.9050387596899225,0.41310327581895473
0.5049942736080156,0.09593023255813954,0.5080645161290323,0.9040697674418605,0.4121342835708927
0.5042362801130696,0.09593023255813954,0.510752688172043,0.9040697674418605,0.41482245561390346
0.5014253204710779,0.09883720930232558,0.510752688172043,0.9011627906976745,0.4119154788697174
0.49385785834679785,0.09883720930232558,0.5241935483870968,0.9011627906976745,0.42535633908477116
0.4851714247616842,0.10271317829457365,0.5241935483870968,0.8972868217054264,0.4214803700925231
0.48303725983827506,0.10271317829457365,0.532258064516129,0.8972868217054264,0.42954488622155534
0.48108968627497717,0.10465116279069768,0.532258064516129,0.8953488372093024,0.4276069017254313
0.48093822686975446,0.10465116279069768,0.5349462365591398,0.8953488372093024,0.43029507376844206
0.4801389751527886,0.10755813953488372,0.5349462365591398,0.8924418604651163,0.42738809702425606
0.47784475461215364,0.10755813953488372,0.5403225806451613,0.8924418604651163,0.43276444111027756
0.4743702022334682,0.10949612403100775,0.5403225806451613,0.8905038759689923,0.43082645661415353
0.4741737737741444,0.10949612403100775,0.543010752688172,0.8905038759689923,0.4335146286571643
0.4714174287318887,0.11143410852713179,0.543010752688172,0.8885658914728682,0.43157664416104025
0.46930754352553194,0.11143410852713179,0.5483870967741935,0.8885658914728682,0.43695298824706175
0.4665588636172417,0.11337209302325581,0.5483870967741935,0.8866279069767442,0.4350150037509377
0.465710767637088,0.11337209302325581,0.5510752688172043,0.8866279069767442,0.43770317579394846
0.4624424039943478,0.11724806201550388,0.5510752688172043,0.8827519379844961,0.4338272068017004
0.461109289393082,0.11724806201550388,0.5564516129032258,0.8827519379844961,0.4392035508877219
0.45531263235088837,0.12015503875968993,0.5564516129032258,0.8798449612403101,0.43629657414353584
0.45465451459166556,0.12015503875968993,0.5591397849462365,0.8798449612403101,0.4389847461865466
0.44867950607060497,0.12596899224806202,0.5591397849462365,0.874031007751938,0.4331707926981745
0.44594758713542804,0.12596899224806202,0.5645161290322581,0.874031007751938,0.4385471367841961
0.4429321337610531,0.12887596899224807,0.5645161290322581,0.8711240310077519,0.43564016004001005
0.4408283921823503,0.12887596899224807,0.5672043010752689,0.8711240310077519,0.4383283320830208
0.4367079669010895,0.1308139534883721,0.5672043010752689,0.8691860465116279,0.43639034758689677
0.43662156754419373,0.1308139534883721,0.5698924731182796,0.8691860465116279,0.4390785196299075
0.4357936891582616,0.13178294573643412,0.5698924731182796,0.8682170542635659,0.4381095273818455
0.43512901809662763,0.13178294573643412,0.5752688172043011,0.8682170542635659,0.443485871467867
0.43486321990115817,0.13372093023255813,0.5752688172043011,0.8662790697674418,0.44154788697174296
0.4345011373404671,0.13372093023255813,0.5779569892473119,0.8662790697674418,0.4442360590147537
0.43317900193260744,0.13565891472868216,0.5779569892473119,0.8643410852713178,0.4422980745186297
0.4320752092927234,0.13565891472868216,0.5806451612903226,0.8643410852713178,0.44498624656164043
0.42726078750068064,0.1385658914728682,0.5806451612903226,0.8614341085271318,0.4420792698174544
0.4245690638050749,0.1385658914728682,0.5913978494623656,0.8614341085271318,0.4528319579894974
0.42417095573474856,0.13953488372093023,0.5913978494623656,0.8604651162790697,0.45186296574143536
0.42344457284955955,0.13953488372093023,0.5940860215053764,0.8604651162790697,0.4545511377844461
0.41796527952789064,0.1434108527131783,0.5940860215053764,0.8565891472868217,0.45067516879219804
0.4176458079851476,0.1434108527131783,0.5967741935483871,0.8565891472868217,0.4533633408352088
0.40991921174043405,0.1501937984496124,0.5967741935483871,0.8498062015503876,0.44658039509877473
0.40967003939228996,0.1501937984496124,0.5994623655913979,0.8498062015503876,0.4492685671417855
0.40902476435351526,0.1511627906976744,0.5994623655913979,0.8488372093023255,0.44829957489372346
0.40789669064401013,0.1511627906976744,0.6021505376344086,0.8488372093023255,0.4509877469367342
0.4062294355350888,0.15213178294573643,0.6021505376344086,0.8478682170542635,0.4500187546886722
0.4045388328138095,0.15213178294573643,0.6102150537634409,0.8478682170542635,0.45808327081770445
0.4035787345171201,0.15406976744186046,0.6102150537634409,0.8459302325581395,0.4561452863215804
0.4030809513873274,0.15406976744186046,0.6129032258064516,0.8459302325581395,0.45883345836459116
0.4003638004704039,0.1560077519379845,0.6129032258064516,0.8439922480620154,0.45689547386846713
0.39907868042724953,0.1560077519379845,0.6155913978494624,0.8439922480620154,0.4595836459114779
0.39189157730254826,0.16375968992248063,0.6155913978494624,0.8362403100775193,0.45183170792698174
0.39040553232441955,0.16375968992248063,0.6182795698924731,0.8362403100775193,0.4545198799699925
0.3850049621470144,0.1695736434108527,0.6182795698924731,0.8304263565891473,0.44870592648162044
0.3846921007502407,0.1695736434108527,0.6209677419354839,0.8304263565891473,0.4513940985246312
0.3822244062758823,0.1744186046511628,0.6209677419354839,0.8255813953488372,0.4465491372843211
0.38135609722925884,0.1744186046511628,0.6236559139784946,0.8255813953488372,0.44923730932733186
0.3810233082918402,0.1753875968992248,0.6236559139784946,0.8246124031007752,0.44826831707926984
0.3743276646271709,0.1753875968992248,0.6317204301075269,0.8246124031007752,0.4563328332083021
0.3737554397882416,0.17732558139534885,0.6317204301075269,0.8226744186046512,0.45439484871217806
0.3731233251544338,0.17732558139534885,0.6344086021505376,0.8226744186046512,0.4570830207551888
0.3713903886067187,0.17926356589147288,0.6344086021505376,0.8207364341085271,0.4551450362590648
0.3709375351200375,0.17926356589147288,0.6370967741935484,0.8207364341085271,0.4578332083020755
0.3673978845714321,0.18023255813953487,0.6370967741935484,0.8197674418604651,0.4568642160540135
0.3667625110339332,0.18023255813953487,0.6397849462365591,0.8197674418604651,0.45955238809702426
0.36586108112354104,0.1821705426356589,0.6397849462365591,0.8178294573643411,0.4576144036009002
0.36353012937448875,0.1821705426356589,0.6424731182795699,0.8178294573643411,0.46030257564391097
0.36287163887974794,0.18410852713178294,0.6424731182795699,0.8158914728682171,0.45836459114778694
0.3621913248077394,0.18410852713178294,0.6451612903225806,0.8158914728682171,0.4610527631907977
0.3619877054880822,0.18507751937984496,0.6451612903225806,0.814922480620155,0.46008377094273567
0.36160086141368325,0.18507751937984496,0.6478494623655914,0.814922480620155,0.4627719429857464
0.36149903073482287,0.18604651162790697,0.6478494623655914,0.813953488372093,0.4618029507376844
0.3614778912717271,0.18604651162790697,0.6505376344086021,0.813953488372093,0.46449112278069515
0.3577700602739649,0.18895348837209303,0.6505376344086021,0.811046511627907,0.4615841460365091
0.35552855125511806,0.18895348837209303,0.6532258064516129,0.811046511627907,0.46427231807951985
0.3552205597463486,0.18992248062015504,0.6532258064516129,0.810077519379845,0.46330332583145784
0.3517786866169983,0.18992248062015504,0.6612903225806451,0.810077519379845,0.4713678419604901
0.351114749835228,0.19089147286821706,0.6612903225806451,0.8091085271317829,0.47039884971242807
0.3491505523646124,0.19089147286821706,0.6639784946236559,0.8091085271317829,0.4730870217554388
0.3487303740676236,0.19186046511627908,0.6639784946236559,0.8081395348837209,0.4721180295073768
0.3478685767742343,0.19186046511627908,0.6693548387096774,0.8081395348837209,0.4774943735933983
0.34680236252134106,0.19573643410852712,0.6693548387096774,0.8042635658914729,0.47361840460115023
0.3453113680904685,0.19573643410852712,0.6747311827956989,0.8042635658914729,0.47899474868717173
0.34335347871853544,0.19864341085271317,0.6747311827956989,0.8013565891472868,0.4760877719429857
0.3426544351343043,0.19864341085271317,0.6774193548387096,0.8013565891472868,0.47877594398599643
0.33899777500087286,0.20155038759689922,0.6774193548387096,0.7984496124031008,0.4758689672418104
0.3382465721804567,0.20155038759689922,0.6801075268817204,0.7984496124031008,0.47855713928482113
0.33561468041245646,0.2054263565891473,0.6801075268817204,0.7945736434108527,0.47468117029257306
0.33494683723625246,0.2054263565891473,0.6854838709677419,0.7945736434108527,0.48005751437859456
0.3343210003389927,0.20736434108527133,0.6854838709677419,0.7926356589147286,0.47811952988247053
0.3336213419416528,0.20736434108527133,0.6908602150537635,0.7926356589147286,0.48349587396849214
0.33307997461387334,0.20833333333333334,0.6908602150537635,0.7916666666666666,0.4825268817204301
0.33083572751171636,0.20833333333333334,0.6935483870967742,0.7916666666666666,0.4852150537634409
0.3296125127365756,0.21124031007751937,0.6935483870967742,0.7887596899224807,0.4823080770192549
0.3285187897944827,0.21124031007751937,0.6989247311827957,0.7887596899224807,0.4876844211052764
0.32676511343406384,0.2131782945736434,0.6989247311827957,0.7868217054263567,0.48574643660915234
0.32666164271618275,0.2131782945736434,0.7016129032258065,0.7868217054263567,0.4884346086521631
0.3162261090077588,0.2238372093023256,0.7016129032258065,0.7761627906976745,0.4777756939234809
0.31609993990818447,0.2238372093023256,0.7043010752688172,0.7761627906976745,0.48046386596649165
0.314476322208842,0.22674418604651161,0.7043010752688172,0.7732558139534884,0.47755688922230566
0.3127051509493551,0.22674418604651161,0.706989247311828,0.7732558139534884,0.4802450612653164
0.31013910021742636,0.23062015503875968,0.706989247311828,0.7693798449612403,0.47636909227306834
0.3097266851090733,0.23062015503875968,0.7096774193548387,0.7693798449612403,0.4790572643160791
0.30727488812281284,0.23546511627906977,0.7096774193548387,0.7645348837209303,0.474212303075769
0.3063771612529099,0.23546511627906977,0.717741935483871,0.7645348837209303,0.48227681920480125
0.3053536245286181,0.2364341085271318,0.717741935483871,0.7635658914728682,0.48130782695673924
0.3038689350529861,0.2364341085271318,0.7231182795698925,0.7635658914728682,0.48668417104276074
0.3033696988084223,0.2374031007751938,0.7231182795698925,0.7625968992248062,0.4857151787946987
0.3018846306902292,0.2374031007751938,0.7311827956989247,0.7625968992248062,0.49377969492373097
0.300520957962698,0.23934108527131784,0.7311827956989247,0.7606589147286822,0.49184171042760694
0.29872849334598883,0.23934108527131784,0.7338709677419355,0.7606589147286822,0.4945298824706177
0.29835947741784036,0.24031007751937986,0.7338709677419355,0.7596899224806202,0.49356089022255567
0.29557810372315435,0.24031007751937986,0.7365591397849462,0.7596899224806202,0.4962490622655664
0.2932905752065392,0.24321705426356588,0.7365591397849462,0.7567829457364341,0.49334208552138037
0.2923411346276029,0.24321705426356588,0.739247311827957,0.7567829457364341,0.4960302575643911
0.29224624582563646,0.2441860465116279,0.739247311827957,0.7558139534883721,0.4950612653163291
0.29122803149281873,0.2441860465116279,0.7419354838709677,0.7558139534883721,0.49774943735933985
0.29116434340283803,0.2451550387596899,0.7419354838709677,0.7548449612403101,0.49678044511127784
0.28781201832249653,0.2451550387596899,0.7473118279569892,0.7548449612403101,0.5021567891972993
0.2834335485946584,0.24903100775193798,0.7473118279569892,0.750968992248062,0.49828082020505127
0.28328093928630194,0.24903100775193798,0.75,0.750968992248062,0.500968992248062
0.28221184109467623,0.25,0.75,0.75,0.5
0.2817363646573028,0.25,0.7526881720430108,0.75,0.5026881720430108
0.28041373508408923,0.25193798449612403,0.7526881720430108,0.748062015503876,0.5007501875468867
0.2789334236834605,0.25193798449612403,0.7580645161290323,0.748062015503876,0.5061265316329082
0.2769603230368421,0.2548449612403101,0.7580645161290323,0.7451550387596899,0.5032195548887222
0.2751123287391649,0.2548449612403101,0.760752688172043,0.7451550387596899,0.5059077269317329
0.27477365672455834,0.25775193798449614,0.760752688172043,0.7422480620155039,0.5030007501875469
0.2746600568356993,0.25775193798449614,0.7634408602150538,0.7422480620155039,0.5056889222305576
0.27445375618459217,0.25872093023255816,0.7634408602150538,0.7412790697674418,0.5047199299824956
0.2739170996550608,0.25872093023255816,0.7661290322580645,0.7412790697674418,0.5074081020255063
0.2729608578334099,0.2616279069767442,0.7661290322580645,0.7383720930232558,0.5045011252813203
0.2726372990336949,0.2616279069767442,0.7688172043010753,0.7383720930232558,0.507189297324331
0.2680361795646017,0.2625968992248062,0.7688172043010753,0.7374031007751938,0.506220305076269
0.2665127592896829,0.2625968992248062,0.771505376344086,0.7374031007751938,0.5089084771192798
0.2660432461889413,0.26356589147286824,0.771505376344086,0.7364341085271318,0.5079394848712178
0.2654778915252097,0.26356589147286824,0.7741935483870968,0.7364341085271318,0.5106276569142285
0.2635438449177631,0.26744186046511625,0.7741935483870968,0.7325581395348837,0.5067516879219804
0.263252329473933,0.26744186046511625,0.7768817204301075,0.7325581395348837,0.5094398599649912
0.25960407965146776,0.2751937984496124,0.7768817204301075,0.7248062015503876,0.501687921980495
0.25949484258191474,0.2751937984496124,0.782258064516129,0.7248062015503876,0.5070642660665166
0.2582978133423602,0.27906976744186046,0.782258064516129,0.7209302325581395,0.5031882970742685
0.25798988484621843,0.27906976744186046,0.7849462365591398,0.7209302325581395,0.5058764691172792
0.25657998491044276,0.28391472868217055,0.7849462365591398,0.7160852713178294,0.5010315078769692
0.2559931240128635,0.28391472868217055,0.7903225806451613,0.7160852713178294,0.5064078519629907
0.24931150284328218,0.2926356589147287,0.7903225806451613,0.7073643410852712,0.49768692173043255
0.24664304108797463,0.2926356589147287,0.8010752688172043,0.7073643410852712,0.5084396099024755
0.240951689070737,0.3003875968992248,0.8010752688172043,0.6996124031007752,0.5006876719179795
0.24013056156823,0.3003875968992248,0.803763440860215,0.6996124031007752,0.5033758439609902
0.23911436122968188,0.3023255813953488,0.803763440860215,0.6976744186046512,0.5014378594648662
0.23846232857511976,0.3023255813953488,0.8091397849462365,0.6976744186046512,0.5068142035508877
0.23014669585938607,0.312984496124031,0.8091397849462365,0.687015503875969,0.4961552888222055
0.22993798892831438,0.312984496124031,0.8118279569892473,0.687015503875969,0.49884346086521625
0.22327861077734484,0.3187984496124031,0.8118279569892473,0.6812015503875969,0.49302950737684414
0.22241814166508375,0.3187984496124031,0.8145161290322581,0.6812015503875969,0.495717679419855
0.21926652585750672,0.32655038759689925,0.8145161290322581,0.6734496124031008,0.48796574143535887
0.21900694238110865,0.32655038759689925,0.8172043010752689,0.6734496124031008,0.4906539134783696
0.21299314283986062,0.33527131782945735,0.8172043010752689,0.6647286821705427,0.4819329832458115
0.2114994672624986,0.33527131782945735,0.8225806451612904,0.6647286821705427,0.487309327331833
0.20991087222918106,0.3381782945736434,0.8225806451612904,0.6618217054263567,0.48440235058764697
0.20968935242594902,0.3381782945736434,0.8252688172043011,0.6618217054263567,0.4870905226306577
0.20923551868346776,0.3391472868217054,0.8252688172043011,0.6608527131782946,0.4861215303825957
0.20752153967927306,0.3391472868217054,0.8333333333333334,0.6608527131782946,0.49418604651162795
0.19929749917613107,0.34689922480620156,0.8333333333333334,0.6531007751937985,0.4864341085271318
0.1982482005272323,0.34689922480620156,0.8387096774193549,0.6531007751937985,0.4918104526131533
0.1978491597341892,0.3488372093023256,0.8387096774193549,0.6511627906976745,0.4898724681170293
0.1978386274678135,0.3488372093023256,0.8413978494623656,0.6511627906976745,0.49256064016004003
0.19211857817733202,0.35852713178294576,0.8413978494623656,0.6414728682170543,0.48287071767941986
0.19182320238845937,0.35852713178294576,0.8440860215053764,0.6414728682170543,0.4855588897224306
0.1913432923561506,0.36046511627906974,0.8440860215053764,0.6395348837209303,0.48362090522630663
0.19116605576769682,0.36046511627906974,0.8467741935483871,0.6395348837209303,0.4863090772693174
0.19114229085405435,0.36143410852713176,0.8467741935483871,0.6385658914728682,0.48534008502125536
0.19023293769862748,0.36143410852713176,0.8521505376344086,0.6385658914728682,0.49071642910727686
0.1885628077575719,0.3624031007751938,0.8521505376344086,0.6375968992248062,0.48974743685921485
0.187779623414019,0.3624031007751938,0.8575268817204301,0.6375968992248062,0.49512378094523635
0.18439976563988186,0.3653100775193798,0.8575268817204301,0.6346899224806202,0.4922168042010503
0.1843333035184374,0.3653100775193798,0.8602150537634409,0.6346899224806202,0.49490497624406105
0.18321879870883975,0.36627906976744184,0.8602150537634409,0.6337209302325582,0.49393598399599903
0.18064891832951183,0.36627906976744184,0.8709677419354839,0.6337209302325582,0.504688672168042
0.17896944697989542,0.3682170542635659,0.8709677419354839,0.6317829457364341,0.502750687671918
0.17775335724027264,0.3682170542635659,0.8736559139784946,0.6317829457364341,0.5054388597149287
0.17673604646114213,0.37112403100775193,0.8736559139784946,0.6288759689922481,0.5025318829707427
0.17578141919652096,0.37112403100775193,0.8763440860215054,0.6288759689922481,0.5052200550137534
0.17253924322218334,0.375968992248062,0.8763440860215054,0.624031007751938,0.5003750937734434
0.17235697813262946,0.375968992248062,0.8790322580645161,0.624031007751938,0.5030632658164541
0.16880407513790682,0.38275193798449614,0.8790322580645161,0.6172480620155039,0.49628032008002
0.1678129739346533,0.38275193798449614,0.8844086021505376,0.6172480620155039,0.5016566641660415
0.16630887693568053,0.3846899224806202,0.8844086021505376,0.6153100775193798,0.49971867966991745
0.1662982053403803,0.3846899224806202,0.8870967741935484,0.6153100775193798,0.5024068517129282
0.16608798955404458,0.3866279069767442,0.8870967741935484,0.6133720930232558,0.5004688672168042
0.1660052846393558,0.3866279069767442,0.8924731182795699,0.6133720930232558,0.5058452113028257
0.16581867933696373,0.38856589147286824,0.8924731182795699,0.6114341085271318,0.5039072268067016
0.16577205427967315,0.38953488372093026,0.8951612903225806,0.6104651162790697,0.5056264066016504
0.16572543972790352,0.3905038759689923,0.8951612903225806,0.6094961240310077,0.5046574143535884
0.16562160533444348,0.3905038759689923,0.9005376344086021,0.6094961240310077,0.5100337584396099
0.16480363421964062,0.39341085271317827,0.9005376344086021,0.6065891472868217,0.5071267816954239
0.16419436516733532,0.39341085271317827,0.9032258064516129,0.6065891472868217,0.5098149537384347
0.16002899586678063,0.40310077519379844,0.9032258064516129,0.5968992248062015,0.5001250312578145
0.1596667291198487,0.40310077519379844,0.9086021505376344,0.5968992248062015,0.505501375343836
0.15749731418933038,0.40794573643410853,0.9086021505376344,0.5920542635658914,0.5006564141035259
0.15739571367079913,0.40794573643410853,0.9112903225806451,0.5920542635658914,0.5033445861465367
0.15704856466329922,0.4118217054263566,0.9112903225806451,0.5881782945736433,0.49946861715428853
0.15556242562684927,0.4118217054263566,0.9166666666666666,0.5881782945736433,0.5048449612403101
0.1541096074735595,0.41375968992248063,0.9166666666666666,0.5862403100775193,0.502906976744186
0.15333594902499284,0.41375968992248063,0.9193548387096774,0.5862403100775193,0.5055951487871968
0.15170037541052248,0.4186046511627907,0.9193548387096774,0.5813953488372092,0.5007501875468867
0.1516317021729813,0.4186046511627907,0.9220430107526881,0.5813953488372092,0.5034383595898975
0.14950773222195216,0.42248062015503873,0.9220430107526881,0.5775193798449613,0.4995623905976494
0.14901289295337453,0.42248062015503873,0.9247311827956989,0.5775193798449613,0.5022505626406601
0.14665044713670047,0.4263565891472868,0.9247311827956989,0.5736434108527132,0.4983745936484121
0.1450588766239447,0.4263565891472868,0.9301075268817204,0.5736434108527132,0.5037509377344336
0.14241048994189984,0.436046511627907,0.9301075268817204,0.563953488372093,0.4940610152538134
0.14225705866256333,0.436046511627907,0.9327956989247311,0.563953488372093,0.49674918729682416
0.14185554277438328,0.437015503875969,0.9327956989247311,0.562984496124031,0.49578019504876214
0.1411344272115853,0.437015503875969,0.9354838709677419,0.562984496124031,0.4984683670917729
0.14064206365641643,0.437984496124031,0.9354838709677419,0.562015503875969,0.4974993748437109
0.14007483629532805,0.437984496124031,0.9381720430107527,0.562015503875969,0.5001875468867217
0.13539505743621205,0.44573643410852715,0.9381720430107527,0.5542635658914729,0.4924356089022256
0.13521200657808927,0.44573643410852715,0.9408602150537635,0.5542635658914729,0.49512378094523635
0.1341208706235468,0.4476744186046512,0.9408602150537635,0.5523255813953488,0.4931857964491123
0.13358768101961077,0.4476744186046512,0.9435483870967742,0.5523255813953488,0.49587396849212306
0.12942207728415445,0.45542635658914726,0.9435483870967742,0.5445736434108528,0.488122030507627
0.12921675668731505,0.45542635658914726,0.946236559139785,0.5445736434108528,0.49081020255063773
0.12375154003819056,0.4622093023255814,0.946236559139785,0.5377906976744187,0.4840272568142036
0.12298236843564582,0.4622093023255814,0.9489247311827957,0.5377906976744187,0.48671542885721436
0.11910735798616662,0.46705426356589147,0.9489247311827957,0.5329457364341086,0.4818704676169043
0.11901271940231134,0.46705426356589147,0.9516129032258065,0.5329457364341086,0.484558639659915
0.11821516149968836,0.4699612403100775,0.9516129032258065,0.5300387596899225,0.481651662915729
0.11813019239622227,0.4699612403100775,0.9543010752688172,0.5300387596899225,0.4843398349587397
0.09504751181529791,0.5096899224806202,0.9543010752688172,0.4903100775193798,0.4446111527881971
0.09473701895495845,0.5096899224806202,0.956989247311828,0.4903100775193798,0.4472993248312078
0.09434029727040097,0.5116279069767442,0.956989247311828,0.4883720930232558,0.4453613403350838
0.09279644418052742,0.5116279069767442,0.9596774193548387,0.4883720930232558,0.44804951237809454
0.08845710863485395,0.5203488372093024,0.9596774193548387,0.47965116279069764,0.4393285821455364
0.08801205287519175,0.5203488372093024,0.9623655913978495,0.47965116279069764,0.44201675418854713
0.08751895632799934,0.5232558139534884,0.9623655913978495,0.4767441860465116,0.4391097774443611
0.08725880649183115,0.5232558139534884,0.9650537634408602,0.4767441860465116,0.44179794948737183
0.07504382846719082,0.5571705426356589,0.9650537634408602,0.4428294573643411,0.40788322080520134
0.07492857141487949,0.5571705426356589,0.967741935483871,0.4428294573643411,0.4105713928482121
0.07250960145473408,0.564922480620155,0.967741935483871,0.43507751937984496,0.40281945486371595
0.07245742606039965,0.564922480620155,0.9704301075268817,0.43507751937984496,0.4055076269067267
0.06759433421096293,0.5784883720930233,0.9704301075268817,0.4215116279069767,0.39194173543385846
0.06699425838600662,0.5784883720930233,0.9731182795698925,0.4215116279069767,0.3946299074768692
0.0525367895633491,0.625,0.9731182795698925,0.375,0.3481182795698925
0.05249606412133165,0.625,0.9758064516129032,0.375,0.35080645161290325
0.05094813235132186,0.6356589147286822,0.9758064516129032,0.3643410852713178,0.34014753688422106
0.05087459239452527,0.6356589147286822,0.978494623655914,0.3643410852713178,0.3428357089272318
0.04926662765909525,0.6443798449612403,0.978494623655914,0.35562015503875966,0.33411477869467365
0.04907698217927284,0.6443798449612403,0.9811827956989247,0.35562015503875966,0.3368029507376844
0.04787390613426299,0.6521317829457365,0.9811827956989247,0.3478682170542635,0.32905101275318827
0.04769941714860992,0.6521317829457365,0.9838709677419355,0.3478682170542635,0.331739184796199
0.044758290656195666,0.6715116279069767,0.9838709677419355,0.3284883720930233,0.3123593398349588
0.04422747443523186,0.6715116279069767,0.9865591397849462,0.3284883720930233,0.31504751187796953
0.040298465431367225,0.6957364341085271,0.9865591397849462,0.30426356589147285,0.2908227056764191
0.0401404114326871,0.6957364341085271,0.989247311827957,0.30426356589147285,0.29351087771942985
0.037890549902988915,0.7093023255813954,0.989247311827957,0.2906976744186046,0.2799449862465616
0.03751803701488836,0.7093023255813954,0.9919354838709677,0.2906976744186046,0.28263315828957236
0.03506623466325486,0.7209302325581395,0.9919354838709677,0.2790697674418605,0.27100525131282827
0.034941911682397575,0.7209302325581395,0.9946236559139785,0.2790697674418605,0.273693423355839
0.01465618210104156,0.8614341085271318,0.9946236559139785,0.13856589147286824,0.13318954738684674
0.014596958027312002,0.8614341085271318,0.9973118279569892,0.13856589147286824,0.1358777194298575
0.01322157691020897,0.875968992248062,0.9973118279569892,0.12403100775193798,0.12134283570892723
0.013109085624713876,0.875968992248062,1.0,0.12403100775193798,0.12403100775193798
0.003939924790666243,1.0,1.0,0.0,0.0
