timestamp,prediction,confidence,Pregnancies,Glucose,BloodPressure,BMI,DiabetesPedigreeFunction,Age
2026-05-12 18:51:35,Diyabet Yok,51.0,1.0,120.0,70.0,25.0,0.5,33.0
2026-05-12 18:52:11,Diyabet Var,57.99999999999999,0.0,102.0,84.0,25.0,0.3599999999999999,23.0
2026-05-12 19:00:37,Diyabet Var,61.0,0.0,100.0,70.0,27.20000000000003,0.31999999999999984,19.0
2026-05-12 19:03:21,Diyabet Yok,51.0,1.0,120.0,70.0,25.0,0.5,33.0
2026-05-12 19:03:58,Diyabet Yok,51.0,1.0,120.0,70.0,25.0,0.5,33.0
2026-05-12 19:10:35,Diyabet Yok,51.0,1.0,120.0,70.0,25.0,0.5,33.0
2026-05-12 19:14:13,Diyabet Yok,51.0,1.0,120.0,70.0,25.0,0.5,33.0
2026-05-12 19:14:18,Diyabet Yok,51.0,1.0,120.0,70.0,25.0,0.5,33.0
2026-05-12 19:14:31,Diyabet Yok,51.0,1.0,120.0,70.0,25.0,0.5,33.0
2026-05-12 19:16:57,Diyabet Yok,51.0,1.0,120.0,70.0,25.0,0.5,33.0
2026-05-12 19:17:38,Diyabet Yok,51.0,1.0,120.0,70.0,25.0,0.5,33.0
2026-05-12 19:19:06,Diyabet Yok,51.0,1.0,120.0,70.0,25.0,0.5,33.0
